sensor_id,temperature,humidity,timestamp,status
2,26.745760575440602,80.73013793243717,1778827669.8913527,HIGH
2,23.441956850304283,45.51828540027277,1778827669.9432583,NORMAL
3,24.63790333342817,35.06356750986683,1778827669.9946852,NORMAL
1,28.906580306942917,56.761842523634854,1778827670.0457315,HIGH
1,31.358061911127805,54.603154264281414,1778827670.096282,HIGH
3,32.03836263100335,70.71855955794352,1778827670.147131,HIGH
4,39.93516968367307,86.78349865233274,1778827670.1977954,HIGH
2,34.52066776320372,32.69794207011448,1778827670.248591,HIGH
4,29.551909151214925,72.89898303324074,1778827670.299313,HIGH
4,22.93758206198875,71.47505702302516,1778827670.350309,NORMAL
3,37.67872765360759,63.544032890588525,1778827670.4014778,HIGH
4,26.936740997342888,80.40597492672475,1778827670.4523997,HIGH
3,26.81767607988419,77.96325063840047,1778827670.5032756,HIGH
5,21.96501582283443,52.263023790551124,1778827670.5540981,NORMAL
5,23.190228488515405,41.591755992937976,1778827670.6048484,NORMAL
5,33.60382365524504,39.5349694810835,1778827670.6557221,HIGH
5,21.92133745352755,77.22192177628534,1778827670.707075,NORMAL
2,27.875762758307484,42.67007615161891,1778827670.7579594,HIGH
1,36.43195743838178,41.039623905176455,1778827670.8089247,HIGH
4,27.306030564639116,36.64264834823267,1778827670.8603816,HIGH
2,25.124369960844483,59.38761795550711,1778827670.9123888,HIGH
1,26.16788840170934,53.23396827098618,1778827670.9634829,HIGH
5,32.40156284725338,47.21192922854917,1778827671.0143144,HIGH
5,30.037720086085926,75.64315742953502,1778827671.0649545,HIGH
1,36.37638702601471,73.128929492084,1778827671.1157928,HIGH
5,22.406528419816492,35.961353520801914,1778827671.1666112,NORMAL
4,27.528315522349708,68.736257123521,1778827671.2174256,HIGH
2,39.63282421000338,70.31073938945956,1778827671.268245,HIGH
4,22.551145697302537,47.197760448973526,1778827671.3190346,NORMAL
4,20.17069503697337,36.25830053529556,1778827671.370036,NORMAL
1,32.72905884689712,55.24782674399415,1778827671.420871,HIGH
2,20.809843315032367,80.95741976821901,1778827671.4717057,NORMAL
1,21.90776625389284,45.56385587882213,1778827671.522342,NORMAL
4,29.857049659270505,59.999303524921814,1778827671.5733466,HIGH
3,24.751338331226194,67.53898558314467,1778827671.6242352,NORMAL
4,25.830790818337277,60.25904472659957,1778827671.675136,HIGH
1,29.86003727743893,69.97271418190502,1778827671.7261298,HIGH
4,30.950426479882942,33.499107916397,1778827671.776923,HIGH
3,37.21663480226532,89.21440045708299,1778827671.828021,HIGH
4,31.074245145974412,80.72517312525153,1778827671.8785796,HIGH
4,39.779130626020276,74.28650088379784,1778827671.9297178,HIGH
2,32.379910067997955,73.87757927646831,1778827671.9803932,HIGH
5,29.22859936473646,37.614714119780835,1778827672.0351343,HIGH
4,22.10361050845692,89.42299392589865,1778827672.0858083,NORMAL
1,28.47509830012776,57.578610267973005,1778827672.1369512,HIGH
1,28.79586999142738,30.916229430292944,1778827672.1876009,HIGH
5,31.511276626996953,63.97919049006716,1778827672.2385411,HIGH
4,26.05393816471128,85.2224687873638,1778827672.2894795,HIGH
5,26.411769571418233,88.00127613742907,1778827672.340264,HIGH
2,39.954999403570795,89.73678177982339,1778827672.3913743,HIGH
3,39.33576862311116,36.79142216162202,1778827672.4422224,HIGH
4,36.90214849246699,82.09696901940583,1778827672.4930217,HIGH
1,36.365650062557656,45.528880228523974,1778827672.543733,HIGH
4,25.739682291965696,63.65017249205553,1778827672.5957654,HIGH
1,20.89055584606125,41.7815850759176,1778827672.6467772,NORMAL
4,38.85191166287018,44.692083271946814,1778827672.697758,HIGH
5,21.212833368614653,69.70988122551064,1778827672.7484946,NORMAL
2,34.308841361947344,35.477833134197766,1778827672.7992501,HIGH
3,28.255229686746368,69.33114092927732,1778827672.8497977,HIGH
1,31.55606788222185,33.17546839722847,1778827672.9006855,HIGH
5,27.907770977551007,53.34936756462228,1778827672.9514194,HIGH
2,33.862685779072876,66.7143231909171,1778827673.0020592,HIGH
2,20.25245163533475,76.52481940716821,1778827673.0531206,NORMAL
3,21.159188039754117,76.31553950321182,1778827673.1037085,NORMAL
1,30.1476804310269,59.19035283475324,1778827673.154508,HIGH
4,33.50844151651224,78.77457834807961,1778827673.2053616,HIGH
3,30.004209375833064,41.31962769327727,1778827673.2564123,HIGH
5,33.52807613394833,82.56037124631116,1778827673.3070464,HIGH
2,20.56580162557976,50.811079065065925,1778827673.3579383,NORMAL
5,24.57890670535662,66.77232540859225,1778827673.4086556,NORMAL
4,34.87084275190579,38.398932612911736,1778827673.4596052,HIGH
2,26.12397055037208,60.845091097919564,1778827673.5107794,HIGH
5,20.887873124671287,49.24863672474298,1778827673.5633907,NORMAL
3,34.55711502910331,55.10518660209969,1778827673.6140938,HIGH
2,23.314266863694083,33.850431182485536,1778827673.6646848,NORMAL
3,32.687621277504455,73.36766143737457,1778827673.715456,HIGH
1,33.326120220359385,51.28786930996698,1778827673.7664297,HIGH
3,36.7229514022051,77.62491027129514,1778827673.8173754,HIGH
1,31.608935963688722,35.19641884805378,1778827673.868339,HIGH
3,33.62983015426488,58.70742503553566,1778827673.9192193,HIGH
1,34.894639792607286,72.54578596827938,1778827673.9699683,HIGH
2,24.32103523041155,37.033797078058164,1778827674.0219357,NORMAL
4,30.850762078381365,47.969859082078614,1778827674.07261,HIGH
5,32.78319871896608,46.59714973587923,1778827674.1238098,HIGH
1,32.846584275169874,51.2827547362255,1778827674.1746333,HIGH
5,29.064914731867262,46.48929942111569,1778827674.2256417,HIGH
5,35.8522607147647,58.43956608075861,1778827674.2766564,HIGH
2,27.530777803874997,69.74695832730961,1778827674.3276653,HIGH
5,39.53885563477218,44.36508489979907,1778827674.378121,HIGH
4,32.10305935543951,54.23440795289902,1778827674.4288409,HIGH
3,33.646910856253925,76.72100385307107,1778827674.481992,HIGH
5,34.87674525383557,79.15567558014257,1778827674.5330415,HIGH
1,27.452337447034623,72.41332777415596,1778827674.5839038,HIGH
2,38.4402701197491,59.39026849707248,1778827674.6351314,HIGH
1,30.675122041439856,70.07194345840685,1778827674.6860087,HIGH
4,39.00306998127584,76.75714438838713,1778827674.7370255,HIGH
1,36.93230109045106,41.61171399624362,1778827674.7879157,HIGH
3,34.13141016984691,83.07826402720002,1778827674.8389328,HIGH
5,36.03796504786863,74.54952735710549,1778827674.8896065,HIGH
5,38.34905496360517,50.77659300145356,1778827674.9404812,HIGH
